link,summary
https://marcosdantas.com/idosa-morre-ao-ser-atacada-por-pitbull-que-cuidava-em-sp/,"Uma idosa de 80 anos morreu em São Paulo após ser atacada por um cachorro da raça Pitbull que ela cuidava. O tutor do animal, de 27 anos, está sendo investigado e afirmou que o cão estava preso, mas conseguiu escapar e atacou a vítima. A polícia requisitou perícia local e exame necroscópico para determinar as circunstâncias da morte."
https://www.hojeemdia.com.br/esportes/atletico/atletico-promove-ac-o-inovadora-para-destacar-o-setembro-amarelo-1.1033091,"O Atlético realizou uma ação inovadora para destacar o Setembro Amarelo, mês de conscientização sobre a prevenção ao suicídio. Durante as partidas do Campeonato Brasileiro, o clube jogou com um pequeno detalhe amarelo no uniforme, simbolizando os sinais que passam despercebidos pela maioria. A campanha, realizada em conjunto com a End to End, visa conscientizar as pessoas sobre a importância de identificar e prevenir o suicídio. O Setembro Amarelo é uma iniciativa da ABP e do Conselho Federal de Medicina para promover a prevenção ao suicídio e conscientizar a população sobre os sinais importantes para ajudar quem precisa de acolhimento."
https://www.agoramt.com.br/2024/10/piracema-comeca-nesta-terca-feira-1-e-segue-ate-31-de-janeiro-de-2025-em-mato-grosso/,"You have been blocked from accessing agoramt.com.br due to a security service protecting the website from online attacks. The block was triggered by a suspicious action, possibly submitting a certain word or phrase, SQL command, or malformed data. To resolve this, you can email the site owner with details of your actions and the Cloudflare Ray ID (8eceb4b3ab85cad8) when the page came up."
https://thmais.com.br/giro-de-noticias/confira-o-resultado-do-concurso-2781-da-mega-sena-sorteado-nesta-terca-feira-1o/,"A Caixa Econômica Federal sorteou o concurso 2781 da Mega-Sena, com prêmio principal de R$ 38.570.789,66, e números sorteados: 10 – 31 – 35 – 45 – 50 – 55."
https://www.topmidianews.com.br/policia/preso-por-ameacar-pms-rapaz-que-disse-ser-de-faccao-e-solto-em-campo/210198/,"Um rapaz de 29 anos, preso por ameaçar e tentar agredir policiais militares em Campo Grande, foi liberado após passar por audiência de custódia. Ele será monitorado por tornozeleira por 180 dias e deve frequentar o CAPS. O homem havia sido detido após comportamento agressivo e ameaças a policiais, incluindo dizer que era integrante da facção Comando Vermelho."
https://www.topmidianews.com.br/campo-grande/com-suspeita-de-pneumonia-crianca-precisa-de-ambulancia-para-ser/210200/,"A criança de 4 anos, suspeita de pneumonia, precisa de ambulância para ser levada ao hospital em Campo Grande. A família aguarda no CRS Tiradentes, mas não há ambulância disponível para a transferência."
https://inforpress.cv/web/guest/w/boa-vista-cypher-odja-mar-atinge-1.500-visualizacoes-em-menos-de-24-horas,"The requested webpage was not found. The server is unable to locate the page, and it may have been deleted or moved to a different URL."
https://www.band.uol.com.br/noticias/jornal-da-band/videos/saiba-o-que-e-estresse-termico-e-como-afeta-o-organismo-17288722,"Saiba o que é estresse térmico e como afeta o organismo. A temperatura despenca de repente, causando mudanças bruscas no corpo e na saúde. O estresse térmico pode ser perigoso se não for tratado adequadamente."
https://avozdesantaquiteria.com.br/noticia/56765/inscricoes-do-concurso-publico-de-santa-quiteria-sao-prorrogadas-ate-dia-06,"O concurso público da Prefeitura de Santa Quitéria teve as inscrições prorrogadas até dia 06. As datas das provas permanecem inalteradas, sendo mantidas para 19 e 20 de outubro. Os candidatos podem solicitar reembolso parcial de R$ 45,00 para o cargo de educador ambiental."
https://www.opantaneiro.com.br/anastacio/acoes-educativas-visam-conscientizar-sobre-seguranca-no-transito-em/219181/,"Ações educativas realizadas no município de Anastácio visam conscientizar a população sobre segurança no trânsito, com foco na prevenção de acidentes e na conscientização da importância de comportamentos responsáveis no trânsito. As atividades incluíram blitzes educativas, contação de histórias com fantoches, peças de teatro, músicas e distribuição de brindes em creches do município."
https://portalcorreio.com.br/nelson-diz-que-prefeitura-de-campina-nao-paga-piso-a-professor-e-bruno-diz-ter-concedido-52-de-reajuste/,"You have been blocked from accessing portalcorreio.com.br due to a security service triggered by a suspicious action, likely submitting a certain word or phrase. To resolve this, you can email the site owner with details of your actions and the Cloudflare Ray ID (8ecebe868ec80118) when this page came up."
https://roraimaemfoco.com/campus-do-ifrr-realiza-edicao-da-feira-cultural-axe-kitanda/,"The requested resource could not be found on this server due to a security issue, as reported by Mod_Security."
